id,trigger,conditions,script,text,options,notes
#RULESET_NAME Arkships,,,,,,
,,,,,,
# UpgradeMenu,,,,,,
AS_OpenUpgradeMenu,PopulateOptions,$id == AS_arkship,,,50:AS_UpgradeMenu_Activated:Change Status of Arkship Compartments,
,,,,,,
# Arkship Storage,,,,,,
AS_ArkshipStorageMenu,DialogOptionSelected,$option == AS_UpgradeMenu_Activated,,Select a Component to activate or deactivate. Each active component requires expensive Maintanance and will increase monthly costs.,50:AS_UpgradeMenu_ArkshipStorage:Modify Status of the Arkships Storage Compartment,
AS_ArkshipStorageMenu_Activated,DialogOptionSelected,$option == AS_UpgradeMenu_ArkshipStorage,FireAll ArkshipStorageOptions,"Do you want to order the crew to resume or halt activity in the Arkship Storage Compartment?

Keeping this component active will require a monthly budget of 100.000 Credits.

Keeping this compartment active will allow us to store wares and ships in the Arkship.

DISABLING IT WILL REMOVE ALL ITEMS IN THE STORAGE
",,
AS_AddOrRemoveArkshipStorage_Yes,ArkshipStorageOptions,,,,52:AS_UpgradeMenu_ArkshipStorage_Yes:Toggle Status of the Storage Compartment	,
AS_AddOrRemoveArkshipStorage_No,ArkshipStorageOptions,,,,53:AS_UpgradeMenu_ArkshipStorage_No:Exit Menu,
AS_AddOrRemoveArkshipStorage_Do,DialogOptionSelected,$option == AS_UpgradeMenu_ArkshipStorage_Yes,"AS_AddOrRemoveArkshipStorage
EndConversation
",Resumed/Halted Maintanance on Arkship Storage,,
AS_AddOrRemoveArkshipStorage_Exit,DialogOptionSelected,$option == AS_UpgradeMenu_ArkshipStorage_No,EndConversation,,,
#END Arkship Storage,,,,,,
#END UpgradeMenu,,,,,,
,,,,,,
# ArkshipDerelict,,,,,,
AS_ClaimArkship,OpenInteractionDialog,"$id == AS_Arkship_ship_derelict
",,"Your fleet docks to what seems to be a Pre-Domain-Era Arkship.

Gigantic Arkships used to be the prominent way of logistical transport until Gates became established within the sector.

Due to their maintanance cost, Arkships slowly fell out of favor cause of the cheap alternative that Gates provided.
Because of this, even during the early terms of the Domain-Era, there were only a few Arkships still around.

Your technical officers inspect the Arkship and report that it seems to be in operational conditions. 
The nearby remant activity likely kept away Scavangers from finding this relic.

Once operational, an Arkship could be warped towards any location the captain wants it to be at.
It allows to transport cargo over long distances in short timeframes.",1:AS_Claim_Arkship:Claim the Arkship and bring it online,
AS_ClaimArkship_Confirm,DialogOptionSelected,$option == AS_Claim_Arkship,AddAbility as_call_arcship 9,"After some configuration and maintanance, the Arkship is now under your Command.

Using the gained ability, you will be able to signal it to warp towards your current system.

Using the ability for the first time will finish the innitialisation of the Arkship
",1:AS_Claimed_Arkship:Exit,
AS_ClaimArkship_Confirmed,DialogOptionSelected,$option == AS_Claimed_Arkship,"DismissDialog
DespawnEntity AS_Arkship_ship_derelict",,,
AS_ClaimArkshipDismiss,OpenInteractionDialog,$option == AS_Leave_Arkship,DismissDialog,,,
,,,,,,
