id,trigger,conditions,script,text,options,notes
"#RULESET_NAME Arkships",,,,,,
,,,,,,
# ArkshipMainScreen,,,,,,
AS_ArkshipDialogue,PopulateOptions,"$id == AS_arkship","FireAll ArkshipOptions",,,
arkshipmarketOptBar,ArkshipOptions,"$hasMarket
$menuState == main
$tradeMode != NONE
!$faction.isNeutralFaction",,,"5:marketVisitBar:Take a shuttle down to visit a dockside bar",
arkshipAddOptionRepair1,ArkshipOptions,"$hasMarket
$menuState == main
RepairNeeded
RepairEnoughSupplies","SetTooltip marketRepair ""Full repairs require $global.repairSupplyCost supplies. $player.supplies supplies are available.""
SetTooltipHighlightColors marketRepair buttonShortcut buttonShortcut
SetTooltipHighlights marketRepair $global.repairSupplyCost $player.supplies
SetShortcut marketRepair ""A"" true",,"15:marketRepair:Repair your ships at the dockyard",
arkshipAddOptionRepair2,ArkshipOptions,"$hasMarket
$menuState == main
!RepairNeeded","SetTooltip marketRepair ""Your $shipOrFleet does not require any repairs.""
SetShortcut marketRepair ""A"" true
SetEnabled marketRepair false",,"15:marketRepair:Repair your ships at the dockyard",
arkshipAddOptionRepair3,ArkshipOptions,"$hasMarket
$menuState == main
RepairNeeded
!RepairEnoughSupplies","SetTooltip marketRepair ""Full repairs require $repairSupplyCost supplies. Only $supplies supplies are available.""
SetTooltipHighlightColors marketRepair buttonShortcut buttonShortcut
SetTooltipHighlights marketRepair $global.repairSupplyCost $player.supplies
SetShortcut marketRepair ""A"" true
SetEnabled marketRepair false",,"15:marketRepair:Repair your ships at the dockyard",
arkshipAddOptionLeave,ArkshipOptions,"$hasMarket
$menuState == main","SetTooltip marketLeave $marketLeaveTooltip
SetShortcut marketLeave ""ESCAPE""",,"100:marketLeave:Leave",
arkshipOptTradeMulti,ArkshipOptions,"$hasMarket
$menuState == main
$tradeMode != NONE
!$faction.isNeutralFaction
$faction.id != player","MakeOptionOpenCore marketOpenCoreUI CARGO $tradeMode",,"10:marketOpenCoreUI:Trade goods or hire crew [I], buy or sell ships [F], or refit [R]",
arkshipOptTradeMulti2,ArkshipOptions,"$hasMarket
$menuState == main
$tradeMode != NONE
$faction.isNeutralFaction","MakeOptionOpenCore marketOpenCoreUI CARGO $tradeMode",,"10:marketOpenCoreUI:Transfer goods or ships",
arkshipOptTradeMulti3,ArkshipOptions,"$hasMarket
$menuState == main
$tradeMode != NONE
$faction.id == player","MakeOptionOpenCore marketOpenCoreUI CARGO $tradeMode",,"10:marketOpenCoreUI:Manage the colony",
arkshipOptTradeMulti4,ArkshipOptions,"$hasMarket
$menuState == main
$tradeMode == NONE","MakeOptionOpenCore marketOpenCoreUI CARGO $tradeMode",,"10:marketOpenCoreUI:View colony info",
"#END ArkshipMainScreen",,,,,,
,,,,,,
# UpgradeMenu,,,,,,
AS_WarpToGate,ArkshipOptions,"$global.gatesActive","SetTooltip AS_SelectGate ""Warp the Arkship towards any active gate""
SetEnabled AS_SelectGate true",,"12:AS_SelectGate:Warp the Arkship towards a Gate",
AS_WarpToGate_GatesInactive,ArkshipOptions,"!$global.gatesActive","SetTooltip AS_SelectGate ""The Arkships records show that it may be able to Jump towards gates, that is if they were to be reactivated.""
SetEnabled AS_SelectGate false",,"12:AS_SelectGate:Warp the Arkship towards a Gate",
AS_WarpToGateSelected,DialogOptionSelected,"$option == AS_SelectGate","AS_ArkshipGateCMD selectDestination",,,
AS_OpenUpgradeMenu,ArkshipOptions,"$id == AS_arkship",,,"11:AS_OpenUpgradeMenu:Change Status of Arkship Compartments",
AS_OpenUpgradeMenuCommand,DialogOptionSelected,"$option == AS_OpenUpgradeMenu","FireAll OpenArkshipOptions","Select a Component to activate or deactivate. Each active component requires expensive Maintanance and will increase monthly costs.",,
AS_OpenUpgradeMenuExit,OpenArkshipOptions,,"SetShortcut AS_OpenUpgradeMenuExitScript ""ESCAPE""",,"50:AS_OpenUpgradeMenuExitScript:Exit",
AS_OpenUpgradeMenuExitCommand,DialogOptionSelected,"$option == AS_OpenUpgradeMenuExitScript","EndConversation",,,
,,,,,,
# Arkship Storage,,,,,,
AS_ArkshipStorageMenu,OpenArkshipOptions,,,,"1:AS_OpenArkshipStorageMenu_Script:Modify Status of the Arkships Storage Compartment",
AS_ArkshipStorageMenu_Command,DialogOptionSelected,"$option ==AS_OpenArkshipStorageMenu_Script","FireAll ArkshipStorageOptions","This Compartment allows the Arkship to store wares and ships, and jump through the Hyperspace with them.

Do you want to order the crew to resume or halt Maintenance in the Arkship Storage Compartment?
Keeping this component active will require a monthly budget of 100.000 Credits.


DISABLING IT WILL REMOVE ALL ITEMS IN THE STORAGE
",,
AS_AddOrRemoveArkshipStorage_Activate,ArkshipStorageOptions,"!AS_hasIndustry as_storage_compartment",,,"1:AS_ArkShipStorageMenu_ActivateScript:Activate",
AS_AddOrRemoveArkshipStorage_ActivateCommand,DialogOptionSelected,"$option == AS_ArkShipStorageMenu_ActivateScript","AS_AddIndustry as_storage_compartment
FireAll OpenArkshipOptions
","Resumed Maintenance on the Arkship Storage Compartment",,
AS_AddOrRemoveArkshipStorage_Deactivate,ArkshipStorageOptions,"AS_hasIndustry as_storage_compartment",,,"2:AS_ArkShipStorageMenu_DeactivateScript:Deactivate",
AS_AddOrRemoveArkshipStorage_DeactivateCommand,DialogOptionSelected,"$option == AS_ArkShipStorageMenu_DeactivateScript","AS_RemoveIndustry as_storage_compartment
FireAll OpenArkshipOptions","Halted Maintenance on the Arkship Storage Compartment",,
AS_AddOrRemoveArkshipStorage_Exit,ArkshipStorageOptions,"$hasMarket","SetShortcut AS_ArkshipStorageMenu_ExitScript ""ESCAPE""",,"90:AS_ArkshipStorageMenu_ExitScript:Exit",
AS_AddOrRemoveArkshipStorage_ExitCommand,DialogOptionSelected,"$option == AS_ArkshipStorageMenu_ExitScript
","FireAll OpenArkshipOptions",,,
"#END Arkship Storage",,,,,,
,,,,,,
# Arkship Fuel Siphon,,,,,,
AS_ArkshipSiphonMenu,OpenArkshipOptions,,,,"3:AS_OpenArkshipSiphonMenu_Script:Modify Status of the Arkships Siphon Compartment",
AS_ArkshipSiphonMenu_Command,DialogOptionSelected,"$option ==AS_OpenArkshipSiphonMenu_Script","FireAll ArkshipSiphonOptions","This Compartment allows the Arkship to siphon fuel from nearby stars.

Do you want to order the crew to resume or halt Maintenance in the Arkship Storage Compartment?
Keeping this component active will require a monthly budget of 50.000 Credits.


DISABLING IT WILL REMOVE ALL ITEMS IN ITS STORAGE
",,
AS_AddOrRemoveArkshipSiphon_Activate,ArkshipSiphonOptions,"!AS_hasIndustry as_siphon_compartment",,,"1:AS_ArkShipSiphonMenu_ActivateScript:Activate",
AS_AddOrRemoveArkshipSiphon_ActivateCommand,DialogOptionSelected,"$option == AS_ArkShipSiphonMenu_ActivateScript","AS_AddIndustry as_siphon_compartment
FireAll OpenArkshipOptions
","Resumed Maintenance on the Arkship Siphon Compartment",,
AS_AddOrRemoveArkshipSiphon_Deactivate,ArkshipSiphonOptions,"AS_hasIndustry as_siphon_compartment",,,"2:AS_ArkShipSiphonMenu_DeactivateScript:Deactivate",
AS_AddOrRemoveArkshipSiphon_DeactivateCommand,DialogOptionSelected,"$option == AS_ArkShipSiphonMenu_DeactivateScript","AS_RemoveIndustry as_siphon_compartment
FireAll OpenArkshipOptions","Halted Maintenance on the Arkship Siphon Compartment",,
AS_AddOrRemoveArkshipSiphon_Exit,ArkshipSiphonOptions,"$hasMarket","SetShortcut AS_ArkshipSiphonMenu_ExitScript ""ESCAPE""",,"90:AS_ArkshipSiphonMenu_ExitScript:Exit",
AS_AddOrRemoveArkshipSiphon_ExitCommand,DialogOptionSelected,"$option == AS_ArkshipSiphonMenu_ExitScript
","FireAll OpenArkshipOptions",,,
"#END Arkship Fuel Siphon",,,,,,
,,,,,,
# Arkship Supply Assembly,,,,,,
AS_ArkshipAssemblyMenu,OpenArkshipOptions,,,,"2:AS_OpenArkshipAssemblyMenu_Script:Modify Status of the Arkships Assembly Compartment",
AS_ArkshipAssemblyMenu_Command,DialogOptionSelected,"$option ==AS_OpenArkshipAssemblyMenu_Script","FireAll ArkshipAssemblyOptions","This Compartment allows the Arkship to manufacture supplies over time.

Do you want to order the crew to resume or halt Maintenance in the Arkship Storage Compartment?
Keeping this component active will require a monthly budget of 50.000 Credits.


DISABLING IT WILL REMOVE ALL ITEMS IN THE STORAGE
",,
AS_AddOrRemoveArkshipAssembly_Activate,ArkshipAssemblyOptions,"!AS_hasIndustry as_assembly_compartment",,,"1:AS_ArkShipAssemblyMenu_ActivateScript:Activate",
AS_AddOrRemoveArkshipAssembly_ActivateCommand,DialogOptionSelected,"$option == AS_ArkShipAssemblyMenu_ActivateScript","AS_AddIndustry as_assembly_compartment
FireAll OpenArkshipOptions","Resumed Maintenance on the Arkship Assembly Compartment",,
AS_AddOrRemoveArkshipAssembly_Deactivate,ArkshipAssemblyOptions,"AS_hasIndustry as_assembly_compartment",,,"2:AS_ArkShipAssemblyMenu_DeactivateScript:Deactivate",
AS_AddOrRemoveArkshipAssembly_DeactivateCommand,DialogOptionSelected,"$option == AS_ArkShipAssemblyMenu_DeactivateScript","AS_RemoveIndustry as_assembly_compartment
FireAll OpenArkshipOptions","Halted Maintenance on the Arkship Assembly Compartment",,
AS_AddOrRemoveArkshipAssembly_Exit,ArkshipAssemblyOptions,"$hasMarket","SetShortcut AS_ArkshipAssemblyMenu_ExitScript ""ESCAPE""",,"90:AS_ArkshipAssemblyMenu_ExitScript:Exit",
AS_AddOrRemoveArkshipAssembly_ExitCommand,DialogOptionSelected,"$option == AS_ArkshipAssemblyMenu_ExitScript
","FireAll OpenArkshipOptions",,,
"#END Arkship Supply Assembly",,,,,,
"#END UpgradeMenu",,,,,,
,,,,,,
# ArkshipDerelict,,,,,,
AS_ClaimArkship,OpenInteractionDialog,"$id == AS_Arkship_ship_derelict","AS_Derelict_defender
ShowDefaultVisual
FireAll PopulateDerelictArkshipOptions","Your fleet docks to what seems to be a Pre-Domain-Era Arkship.

Gigantic Arkships used to be the prominent way of logistical transport until gates became established within the sector.

Due to their maintenance cost, Arkships slowly fell out of favor cause of the cheap alternative that Gates provided.
Because of this, even during the early terms of the Domain-Era, there were only a few Arkships still around.

Your engineers inspect the Arkship and report that it seems to be in operational conditions. 
The systems remnant activity likely kept away scavengers from finding this relic.

Once operational, an Arkship could be warped towards any location the captain wants it to be at.
It allows to transport cargo over long distances in short timeframes.",,
AS_Derelict_Explore,PopulateDerelictArkshipOptions,,,,"0:AS_DerelictExplore:Explore",
AS_Derelict_Leave,PopulateDerelictArkshipOptions,,"SetShortcut defaultLeave ESCAPE",,"100:defaultLeave:Leave",
AS_Derelict_Spawn_Defenders,DialogOptionSelected,"$option == AS_DerelictExplore
$ArkshipHasDefenders","FireBest ArkshipTriggerAutomatedDefenses",,,
AS_EncounteredDefenders,ArkshipTriggerAutomatedDefenses,"$id == AS_Arkship_ship_derelict
","AS_Derelict_defender_Win","As you get closer to the Arkship, your fleets instruments suddenly pickup Remnant activity nearby.  

It seems as the remnants in this system want to keep you at a distance of the Arkship.",,
AS_ClaimArkship_DefeatedDefenders,BeatArkshipDefendersContinue,,,"After defeating the Remnant Forces, your fleet approaches the docks of the Arkship","0:ExploreArkship:Continue
",
AS_ClaimArkship_ExploreArkship,DialogOptionSelected,"$option == ExploreArkship",,"After exploring the Derelict of the Arkship, your engineers come to the conclusion that it seems to be in operable condition. After some configurations by the Engineering Team, the Ship can be under your Command.","0:AS_Claim_Arkship:Claim the Arkship and bring it online.
",
AS_ClaimArkship_ClaimedArkship,DialogOptionSelected,"$option == AS_Claim_Arkship","AddAbility as_call_arkship 9
AS_RemoveAbility as_arkship_finder
AS_DeleteDerelict

","After some configuration and maintenance, the Arkship is now in your control.

Using the acquired ability, you will be able to signal it to warp towards your current system.

Using the ability for the first time will finish the initialisation of the Arkship.","100:ArkshipDerelictLeave:Leave",
AS_ClaimArkship_leave,DialogOptionSelected,"$option == ArkshipDerelictLeave","AS_DeleteDerelict
DismissDialog",,,
"#END ArkshipDerelict",,,,,,

