{
	"AS_Arkship_Entity":{
		"defaultName":"", # used if name=null in addCustomEntity()
		"defaultRadius":70, # used if radius<0 in addCustomEntity()
		"customDescriptionId":"orbital_station_default",
		"interactionImage":"graphics/illustrations/orbital.jpg",
		"icon":"graphics/icons/station2.png",
		"iconWidth":26,
		"iconHeight":26,
		"sprite":"graphics/as/Arkship.png",
		"spriteWidth":110,
		"spriteHeight":90,
		"renderShadow":true,
		"useLightColor":true,
		"showInCampaign":true,
		"showIconOnMap":true,
		"showNameOnMap":false,
		"scaleNameWithZoom":false,
		"scaleIconWithZoom":true,
		"tags":["station"],
		"layers":[STATIONS], # what layer(s) to render in. See CampaignEngineLayers.java for possible values
	},
}


