id,type,text1,text2,text3,text4,notes
as_arkship_derelict,CUSTOM,"A derelict of a Pre-Domain-Era Arkship. Despite its age, innitial scans suggest that it may still be operational.",,"Your fleet docks to what seems to be a Pre-Domain-Era Arkship.

Gigantic Arkships used to be the prominent way of logistical transport until Gates became established within the sector.

Due to their maintanance cost, Arkships slowly fell out of favor cause of the cheap alternative that Gates provided.
Because of this, even during the early terms of the Domain-Era, there were only a few Arkships still around.

Your technical officers inspect the Arkship and report that it seems to be in operational conditions. 
The nearby remant activity likely kept away Scavangers from finding this relic.

Once operational, an Arkship could be warped towards any location the captain wants it to be at.
It allows to transport cargo over long distances in short timeframes.",,
as_arkship_description,CUSTOM,"An active Arkship. What was once abandonend scrap due to technological revolution, now found new purpose in the current sector.",,"An active Arkship. As you look around the Dock, you can see busy workers preparing for the Ships next warp.",,